symbol,name,industry,ISIN_code
3MINDIA,3M India Ltd.,SERVICES,INE470A01017
8KMILES,8K Miles Soft Services Ltd.,IT,INE650K01021
AARTIIND,Aarti Industries Ltd.,CHEMICALS,INE769A01020
ABAN,Aban Offshore Ltd.,ENERGY,INE421A01028
ABB,ABB India Ltd.,INDUSTRIAL MANUFACTURING,INE117A01022
ABCAPITAL,Aditya Birla Capital Ltd.,FINANCIAL SERVICES,INE674K01013
ABFRL,Aditya Birla Fashion and Retail Ltd.,CONSUMER GOODS,INE647O01011
ACC,ACC Ltd.,CEMENT & CEMENT PRODUCTS,INE012A01025
ADANIPORTS,Adani Ports and Special Economic Zone Ltd.,SERVICES,INE742F01042
ADANIPOWER,Adani Power Ltd.,ENERGY,INE814H01011
ADANITRANS,Adani Transmission Ltd.,ENERGY,INE931S01010
ADVENZYMES,Advanced Enzyme Tech Ltd.,CONSUMER GOODS,INE837H01020
AEGISCHEM,Aegis Logistics Ltd.,ENERGY,INE208C01025
AIAENG,AIA Engineering Ltd.,INDUSTRIAL MANUFACTURING,INE212H01026
AJANTPHARM,Ajanta Pharmaceuticals Ltd.,PHARMA,INE031B01049
AKZOINDIA,Akzo Nobel India Ltd.,CONSUMER GOODS,INE133A01011
ALBK,Allahabad Bank,FINANCIAL SERVICES,INE428A01015
ALKEM,Alkem Laboratories Ltd.,PHARMA,INE540L01014
ALLCARGO,Allcargo Logistics Ltd.,SERVICES,INE418H01029
AMARAJABAT,Amara Raja Batteries Ltd.,AUTOMOBILE,INE885A01032
AMBUJACEM,Ambuja Cements Ltd.,CEMENT & CEMENT PRODUCTS,INE079A01024
ANDHRABANK,Andhra Bank,FINANCIAL SERVICES,INE434A01013
APLAPOLLO,APL Apollo Tubes Ltd.,METALS,INE702C01019
APLLTD,Alembic Pharmaceuticals Ltd.,PHARMA,INE901L01018
APOLLOHOSP,Apollo Hospitals Enterprise Ltd.,HEALTHCARE SERVICES,INE437A01024
APOLLOTYRE,Apollo Tyres Ltd.,AUTOMOBILE,INE438A01022
ASAHIINDIA,Asahi India Glass Ltd.,AUTOMOBILE,INE439A01020
ASHOKA,Ashoka Buildcon Ltd.,CONSTRUCTION,INE442H01029
ASHOKLEY,Ashok Leyland Ltd.,AUTOMOBILE,INE208A01029
ASIANPAINT,Asian Paints Ltd.,CONSUMER GOODS,INE021A01026
ASTERDM,Aster DM Healthcare Ltd.,HEALTHCARE SERVICES,INE914M01019
ASTRAL,Astral Poly Technik Ltd.,INDUSTRIAL MANUFACTURING,INE006I01046
ATUL,Atul Ltd.,CHEMICALS,INE100A01010
AUBANK,AU Small Finance Bank Ltd.,FINANCIAL SERVICES,INE949L01017
AUROPHARMA,Aurobindo Pharma Ltd.,PHARMA,INE406A01037
AVANTIFEED,Avanti Feeds Ltd.,CONSUMER GOODS,INE871C01038
AXISBANK,Axis Bank Ltd.,FINANCIAL SERVICES,INE238A01034
BAJAJ-AUTO,Bajaj Auto Ltd.,AUTOMOBILE,INE917I01010
BAJAJCORP,Bajaj Corp Ltd.,CONSUMER GOODS,INE933K01021
BAJAJELEC,Bajaj Electricals Ltd,CONSUMER GOODS,INE193E01025
BAJAJFINSV,Bajaj Finserv Ltd.,FINANCIAL SERVICES,INE918I01018
BAJAJHIND,Bajaj Hindusthan Sugar Ltd.,CONSUMER GOODS,INE306A01021
BAJAJHLDNG,Bajaj Holdings & Investment Ltd.,FINANCIAL SERVICES,INE118A01012
BAJFINANCE,Bajaj Finance Ltd.,FINANCIAL SERVICES,INE296A01024
BALKRISIND,Balkrishna Industries Ltd.,AUTOMOBILE,INE787D01026
BALLARPUR,Ballarpur Industries Ltd.,PAPER,INE294A01037
BALMLAWRIE,Balmer Lawrie & Co. Ltd.,SERVICES,INE164A01016
BALRAMCHIN,Balrampur Chini Mills Ltd.,CONSUMER GOODS,INE119A01028
BANKBARODA,Bank of Baroda,FINANCIAL SERVICES,INE028A01039
BANKINDIA,Bank of India,FINANCIAL SERVICES,INE084A01016
BASF,BASF India Ltd.,CHEMICALS,INE373A01013
BATAINDIA,Bata India Ltd.,CONSUMER GOODS,INE176A01028
BBTC,Bombay Burmah Trading Corporation Ltd.,CONSUMER GOODS,INE050A01025
BEL,Bharat Electronics Ltd.,INDUSTRIAL MANUFACTURING,INE263A01024
BEML,BEML Ltd.,INDUSTRIAL MANUFACTURING,INE258A01016
BERGEPAINT,Berger Paints India Ltd.,CONSUMER GOODS,INE463A01038
BFUTILITIE,BF Utilities Ltd.,CONSTRUCTION,INE243D01012
BGRENERGY,BGR Energy Systems Ltd,CONSTRUCTION,INE661I01014
BHARATFIN,Bharat Financial Inclusion Ltd.,FINANCIAL SERVICES,INE180K01011
BHARATFORG,Bharat Forge Ltd.,INDUSTRIAL MANUFACTURING,INE465A01025
BHARTIARTL,Bharti Airtel Ltd.,TELECOM,INE397D01024
BHEL,Bharat Heavy Electricals Ltd.,INDUSTRIAL MANUFACTURING,INE257A01026
BHUSANSTL,Bhushan Steel Ltd.,METALS,INE824B01021
BIOCON,Biocon Ltd.,PHARMA,INE376G01013
BIRLACORPN,Birla Corporation Ltd.,CEMENT & CEMENT PRODUCTS,INE340A01012
BLISSGVS,Bliss GVS Pharma Ltd.,PHARMA,INE416D01022
BLUEDART,Blue Dart Express Ltd.,SERVICES,INE233B01017
BLUESTARCO,Blue Star Ltd.,CONSUMER GOODS,INE472A01039
BOMDYEING,Bombay Dyeing & Manufacturing Co. Ltd.,TEXTILES,INE032A01023
BOSCHLTD,Bosch Ltd.,AUTOMOBILE,INE323A01026
BPCL,Bharat Petroleum Corporation Ltd.,ENERGY,INE029A01011
BRFL,Bombay Rayon Fashions Ltd.,TEXTILES,INE589G01011
BRIGADE,Brigade Enterprises Ltd.,CONSTRUCTION,INE791I01019
BRITANNIA,Britannia Industries Ltd.,CONSUMER GOODS,INE216A01022
BSE,BSE Ltd.,FINANCIAL SERVICES,INE118H01025
CADILAHC,Cadila Healthcare Ltd.,PHARMA,INE010B01027
CANBK,Canara Bank,FINANCIAL SERVICES,INE476A01014
CANFINHOME,Can Fin Homes Ltd.,FINANCIAL SERVICES,INE477A01020
CAPF,Capital First Ltd.,FINANCIAL SERVICES,INE688I01017
CAPLIPOINT,Caplin Point Laboratories Ltd.,PHARMA,INE475E01026
CARBORUNIV,Carborundum Universal Ltd.,INDUSTRIAL MANUFACTURING,INE120A01034
CARERATING,CARE Ratings Ltd.,FINANCIAL SERVICES,INE752H01013
CASTROLIND,Castrol India Ltd.,ENERGY,INE172A01027
CCL,CCL Products (I) Ltd.,CONSUMER GOODS,INE421D01022
CDSL,Central Depository Services (India) Ltd.,FINANCIAL SERVICES,INE736A01011
CEATLTD,Ceat Ltd.,AUTOMOBILE,INE482A01020
CENTRALBK,Central Bank of India,FINANCIAL SERVICES,INE483A01010
CENTURYPLY,Century Plyboards (India) Ltd.,CONSUMER GOODS,INE348B01021
CENTURYTEX,Century Textile & Industries Ltd.,CEMENT & CEMENT PRODUCTS,INE055A01016
CERA,Cera Sanitaryware Ltd,CONSTRUCTION,INE739E01017
CGPOWER,CG Power and Industrial Solutions Ltd.,INDUSTRIAL MANUFACTURING,INE067A01029
CHAMBLFERT,Chambal Fertilizers & Chemicals Ltd.,FERTILISERS & PESTICIDES,INE085A01013
CHENNPETRO,Chennai Petroleum Corporation Ltd.,ENERGY,INE178A01016
CHOLAFIN,Cholamandalam Investment and Finance Company Ltd.,FINANCIAL SERVICES,INE121A01016
CIPLA,Cipla Ltd.,PHARMA,INE059A01026
COALINDIA,Coal India Ltd.,METALS,INE522F01014
COCHINSHIP,Cochin Shipyard Ltd.,INDUSTRIAL MANUFACTURING,INE704P01017
COFFEEDAY,Coffee Day Enterprises Ltd.,CONSUMER GOODS,INE335K01011
COLPAL,Colgate Palmolive (India) Ltd.,CONSUMER GOODS,INE259A01022
CONCOR,Container Corporation of India Ltd.,SERVICES,INE111A01025
COROMANDEL,Coromandel International Ltd.,FERTILISERS & PESTICIDES,INE169A01031
CRISIL,CRISIL Ltd.,FINANCIAL SERVICES,INE007A01025
CROMPTON,Crompton Greaves Consumer Electricals Ltd.,CONSUMER GOODS,INE299U01018
CUB,City Union Bank Ltd.,FINANCIAL SERVICES,INE491A01021
CUMMINSIND,Cummins India Ltd.,INDUSTRIAL MANUFACTURING,INE298A01020
CYIENT,Cyient Ltd.,IT,INE136B01020
DABUR,Dabur India Ltd.,CONSUMER GOODS,INE016A01026
DBCORP,D.B.Corp Ltd.,MEDIA & ENTERTAINMENT,INE950I01011
DBL,Dilip Buildcon Ltd.,CONSTRUCTION,INE917M01012
DBREALTY,D B Realty Ltd.,CONSTRUCTION,INE879I01012
DCAL,Dishman Carbogen Amcis Ltd.,PHARMA,INE385W01011
DCBBANK,DCB Bank Ltd.,FINANCIAL SERVICES,INE503A01015
DCMSHRIRAM,DCM Shriram Ltd.,CONSUMER GOODS,INE499A01024
DEEPAKFERT,Deepak Fertilisers & Petrochemicals Corp. Ltd.,CHEMICALS,INE501A01019
DELTACORP,Delta Corp Ltd.,SERVICES,INE124G01033
DEN,Den Networks Ltd.,MEDIA & ENTERTAINMENT,INE947J01015
DENABANK,Dena Bank,FINANCIAL SERVICES,INE077A01010
DHFL,Dewan Housing Finance Corporation Ltd.,FINANCIAL SERVICES,INE202B01012
DISHTV,Dish TV India Ltd.,MEDIA & ENTERTAINMENT,INE836F01026
DIVISLAB,Divi's Laboratories Ltd.,PHARMA,INE361B01024
DIXON,Dixon Technologies (India) Ltd.,CONSUMER GOODS,INE935N01012
DLF,DLF Ltd.,CONSTRUCTION,INE271C01023
DMART,Avenue Supermarts Ltd.,CONSUMER GOODS,INE192R01011
DREDGECORP,Dredging Corporation of India Ltd.,SERVICES,INE506A01018
DRREDDY,Dr. Reddy's Laboratories Ltd.,PHARMA,INE089A01023
ECLERX,eClerx Services Ltd.,IT,INE738I01010
EDELWEISS,Edelweiss Financial Services Ltd.,FINANCIAL SERVICES,INE532F01054
EICHERMOT,Eicher Motors Ltd.,AUTOMOBILE,INE066A01013
EIDPARRY,E.I.D. Parry (India) Ltd.,FERTILISERS & PESTICIDES,INE126A01031
EIHOTEL,EIH Ltd.,SERVICES,INE230A01023
EMAMILTD,Emami Ltd.,CONSUMER GOODS,INE548C01032
ENDURANCE,Endurance Technologies Ltd.,AUTOMOBILE,INE913H01037
ENGINERSIN,Engineers India Ltd.,CONSTRUCTION,INE510A01028
EQUITAS,Equitas Holdings Ltd.,FINANCIAL SERVICES,INE988K01017
ERIS,Eris Lifesciences Ltd.,PHARMA,INE406M01024
EROSMEDIA,Eros Intl Media Ltd.,MEDIA & ENTERTAINMENT,INE416L01017
ESCORTS,Escorts Ltd.,AUTOMOBILE,INE042A01014
EVEREADY,Eveready Industries India Ltd.,CONSUMER GOODS,INE128A01029
EXIDEIND,Exide Industries Ltd.,AUTOMOBILE,INE302A01020
FCONSUMER,Future Consumer Ltd.,CONSUMER GOODS,INE220J01025
FEDERALBNK,Federal Bank Ltd.,FINANCIAL SERVICES,INE171A01029
FINCABLES,Finolex Cables Ltd.,INDUSTRIAL MANUFACTURING,INE235A01022
FINPIPE,Finolex Industries Ltd.,INDUSTRIAL MANUFACTURING,INE183A01016
FLFL,Future Lifestyle Fashions Ltd.,CONSUMER GOODS,INE452O01016
FRETAIL,Future Retail Ltd.,CONSUMER GOODS,INE752P01024
FSL,Firstsource Solutions Ltd.,IT,INE684F01012
GAIL,GAIL (India) Ltd.,ENERGY,INE129A01019
GATI,Gati Ltd.,SERVICES,INE152B01027
GDL,Gateway Distriparks Ltd.,SERVICES,INE852F01015
GEPIL,GE Power India Ltd.,INDUSTRIAL MANUFACTURING,INE878A01011
GESHIP,Great Eastern Shipping Co. Ltd.,SERVICES,INE017A01032
GET&D,GE T&D India Ltd.,INDUSTRIAL MANUFACTURING,INE200A01026
GHCL,GHCL Ltd.,CHEMICALS,INE539A01019
GICRE,General Insurance Corporation of India,FINANCIAL SERVICES,INE481Y01014
GILLETTE,Gillette India Ltd.,CONSUMER GOODS,INE322A01010
GLAXO,Glaxosmithkline Pharmaceuticals Ltd.,PHARMA,INE159A01016
GLENMARK,Glenmark Pharmaceuticals Ltd.,PHARMA,INE935A01035
GMDCLTD,Gujarat Mineral Development Corporation Ltd.,METALS,INE131A01031
GMRINFRA,GMR Infrastructure Ltd.,CONSTRUCTION,INE776C01039
GNFC,Gujarat Narmada Valley Fertilizers and Chemicals Ltd.,CHEMICALS,INE113A01013
GODFRYPHLP,Godfrey Phillips India Ltd.,CONSUMER GOODS,INE260B01028
GODREJAGRO,Godrej Agrovet Ltd.,CONSUMER GOODS,INE850D01014
GODREJCP,Godrej Consumer Products Ltd.,CONSUMER GOODS,INE102D01028
GODREJIND,Godrej Industries Ltd.,CONSUMER GOODS,INE233A01035
GODREJPROP,Godrej Properties Ltd.,CONSTRUCTION,INE484J01027
GPPL,Gujarat Pipavav Port Ltd.,SERVICES,INE517F01014
GRANULES,Granules India Ltd.,PHARMA,INE101D01020
GRAPHITE,Graphite India Ltd.,INDUSTRIAL MANUFACTURING,INE371A01025
GRASIM,Grasim Industries Ltd.,CEMENT & CEMENT PRODUCTS,INE047A01021
GREAVESCOT,Greaves Cotton Ltd.,INDUSTRIAL MANUFACTURING,INE224A01026
GREENPLY,Greenply Industries Ltd.,CONSUMER GOODS,INE461C01038
GRUH,Gruh Finance Ltd.,FINANCIAL SERVICES,INE580B01029
GSFC,Gujarat State Fertilizers & Chemicals Ltd.,FERTILISERS & PESTICIDES,INE026A01025
GSKCONS,GlaxoSmithkline Consumer Healthcare Ltd.,CONSUMER GOODS,INE264A01014
GSPL,Gujarat State Petronet Ltd.,ENERGY,INE246F01010
GUJALKALI,Gujarat Alkalies & Chemicals Ltd.,CHEMICALS,INE186A01019
GUJFLUORO,Gujarat Fluorochemicals Ltd.,INDUSTRIAL MANUFACTURING,INE538A01037
GUJGASLTD,Gujarat Gas Ltd.,ENERGY,INE844O01022
GULFOILLUB,Gulf Oil Lubricants India Ltd.,ENERGY,INE635Q01029
GVKPIL,GVK Power & Infrastructures Ltd.,CONSTRUCTION,INE251H01024
HATHWAY,Hathway Cable & Datacom Ltd.,MEDIA & ENTERTAINMENT,INE982F01036
HATSUN,Hatsun Agro Product Ltd.,CONSUMER GOODS,INE473B01035
HAVELLS,Havells India Ltd.,CONSUMER GOODS,INE176B01034
HCC,Hindustan Construction Co. Ltd.,CONSTRUCTION,INE549A01026
HCL-INSYS,HCL Infosystems Ltd.,IT,INE236A01020
HCLTECH,HCL Technologies Ltd.,IT,INE860A01027
HDFC,Housing Development Finance Corporation Ltd.,FINANCIAL SERVICES,INE001A01036
HDFCBANK,HDFC Bank Ltd.,FINANCIAL SERVICES,INE040A01026
HDIL,Housing Development and Infrastructure Ltd.,CONSTRUCTION,INE191I01012
HEG,H.E.G. Ltd.,INDUSTRIAL MANUFACTURING,INE545A01016
HEIDELBERG,HeidelbergCement India Ltd.,CEMENT & CEMENT PRODUCTS,INE578A01017
HERITGFOOD,Heritage Foods Ltd.,CONSUMER GOODS,INE978A01027
HEROMOTOCO,Hero MotoCorp Ltd.,AUTOMOBILE,INE158A01026
HEXAWARE,Hexaware Technologies Ltd.,IT,INE093A01033
HFCL,Himachal Fut Com Ltd.,TELECOM,INE548A01028
HIMATSEIDE,Himatsingka Seide Ltd.,TEXTILES,INE049A01027
HINDALCO,Hindalco Industries Ltd.,METALS,INE038A01020
HINDCOPPER,Hindustan Copper Ltd.,METALS,INE531E01026
HINDPETRO,Hindustan Petroleum Corporation Ltd.,ENERGY,INE094A01015
HINDUNILVR,Hindustan Unilever Ltd.,CONSUMER GOODS,INE030A01027
HINDZINC,Hindustan Zinc Ltd.,METALS,INE267A01025
HONAUT,Honeywell Automation India Ltd.,INDUSTRIAL MANUFACTURING,INE671A01010
HSCL,Himadri Speciality Chemical Ltd.,CHEMICALS,INE019C01026
HSIL,HSIL Ltd.,CONSUMER GOODS,INE415A01038
HUDCO,Housing & Urban Development Corporation Ltd.,FINANCIAL SERVICES,INE031A01017
IBREALEST,Indiabulls Real Estate Ltd.,CONSTRUCTION,INE069I01010
IBULHSGFIN,Indiabulls Housing Finance Ltd.,FINANCIAL SERVICES,INE148I01020
IBVENTURES,Indiabulls Ventures Ltd.,FINANCIAL SERVICES,INE274G01010
ICICIBANK,ICICI Bank Ltd.,FINANCIAL SERVICES,INE090A01021
ICICIGI,ICICI Lombard General Insurance Company Ltd.,FINANCIAL SERVICES,INE765G01017
ICICIPRULI,ICICI Prudential Life Insurance Company Ltd.,FINANCIAL SERVICES,INE726G01019
ICIL,Indo Count Industries Ltd.,TEXTILES,INE483B01026
IDBI,IDBI Bank Ltd.,FINANCIAL SERVICES,INE008A01015
IDEA,Idea Cellular Ltd.,TELECOM,INE669E01016
IDFC,IDFC Ltd.,FINANCIAL SERVICES,INE043D01016
IDFCBANK,IDFC Bank Ltd.,FINANCIAL SERVICES,INE092T01019
IEX,Indian Energy Exchange Ltd.,FINANCIAL SERVICES,INE022Q01012
IFBIND,IFB Industries Ltd.,CONSUMER GOODS,INE559A01017
IFCI,IFCI Ltd.,FINANCIAL SERVICES,INE039A01010
IGL,Indraprastha Gas Ltd.,ENERGY,INE203G01027
IIFL,IIFL Holdings Ltd.,FINANCIAL SERVICES,INE530B01024
IL&FSTRANS,IL&FS Transportation Networks Ltd.,CONSTRUCTION,INE975G01012
INDHOTEL,Indian Hotels Co. Ltd.,SERVICES,INE053A01029
INDIACEM,India Cements Ltd.,CEMENT & CEMENT PRODUCTS,INE383A01012
INDIANB,Indian Bank,FINANCIAL SERVICES,INE562A01011
INDIGO,InterGlobe Aviation Ltd.,SERVICES,INE646L01027
INDOCO,Indoco Remedies Ltd.,PHARMA,INE873D01024
INDUSINDBK,IndusInd Bank Ltd.,FINANCIAL SERVICES,INE095A01012
INFIBEAM,Infibeam Incorporation Ltd.,IT,INE483S01020
INFRATEL,Bharti Infratel Ltd.,TELECOM,INE121J01017
INFY,Infosys Ltd.,IT,INE009A01021
INOXLEISUR,Inox Leisure Ltd.,MEDIA & ENTERTAINMENT,INE312H01016
INOXWIND,Inox Wind Ltd.,INDUSTRIAL MANUFACTURING,INE066P01011
INTELLECT,Intellect Design Arena Ltd.,IT,INE306R01017
IOB,Indian Overseas Bank ,FINANCIAL SERVICES,INE565A01014
IOC,Indian Oil Corporation Ltd.,ENERGY,INE242A01010
IPCALAB,Ipca Laboratories Ltd.,PHARMA,INE571A01020
IRB,IRB Infrastructure Developers Ltd.,CONSTRUCTION,INE821I01014
ITC,I T C Ltd.,CONSUMER GOODS,INE154A01025
ITDC,India Tourism Development Corporation Ltd.,SERVICES,INE353K01014
ITDCEM,ITD Cementation India Ltd.,CONSTRUCTION,INE686A01026
ITI,ITI Ltd.,TELECOM,INE248A01017
J&KBANK,Jammu & Kashmir Bank Ltd.,FINANCIAL SERVICES,INE168A01041
JAGRAN,Jagran Prakashan Ltd.,MEDIA & ENTERTAINMENT,INE199G01027
JAICORPLTD,Jai Corp Ltd.,INDUSTRIAL MANUFACTURING,INE070D01027
JBCHEPHARM,J.B. Chemicals & Pharmaceuticals Ltd.,PHARMA,INE572A01028
JBFIND,JBF Industries Ltd.,TEXTILES,INE187A01017
JCHAC,Johnson Controls - Hitachi Air Conditioning India Ltd.,CONSUMER GOODS,INE782A01015
JETAIRWAYS,Jet Airways (India) Ltd.,SERVICES,INE802G01018
JINDALPOLY,Jindal Poly Films Ltd.,INDUSTRIAL MANUFACTURING,INE197D01010
JINDALSAW,Jindal Saw Ltd.,METALS,INE324A01024
JINDALSTEL,Jindal Steel & Power Ltd.,METALS,INE749A01030
JISLJALEQS,Jain Irrigation Systems Ltd.,INDUSTRIAL MANUFACTURING,INE175A01038
JKCEMENT,J.K. Cement Ltd.,CEMENT & CEMENT PRODUCTS,INE823G01014
JKIL,J.Kumar Infraprojects Ltd.,CONSTRUCTION,INE576I01022
JKLAKSHMI,JK Lakshmi Cement Ltd.,CEMENT & CEMENT PRODUCTS,INE786A01032
JKTYRE,JK Tyre & Industries Ltd.,AUTOMOBILE,INE573A01042
JMFINANCIL,JM Financial Ltd.,FINANCIAL SERVICES,INE780C01023
JPASSOCIAT,Jaiprakash Associates Ltd.,CEMENT & CEMENT PRODUCTS,INE455F01025
JPPOWER,Jaiprakash Power Ventures Ltd.,ENERGY,INE351F01018
JSL,Jindal Stainless Ltd.,METALS,INE220G01021
JSLHISAR,Jindal Stainless (Hisar) Ltd.,METALS,INE455T01018
JSWENERGY,JSW Energy Ltd.,ENERGY,INE121E01018
JSWSTEEL,JSW Steel Ltd.,METALS,INE019A01038
JUBILANT,Jubilant Life Sciences Ltd.,PHARMA,INE700A01033
JUBLFOOD,Jubilant Foodworks Ltd.,CONSUMER GOODS,INE797F01012
JUSTDIAL,Justdial Ltd.,IT,INE599M01018
JYOTHYLAB,Jyothy Laboratories Ltd.,CONSUMER GOODS,INE668F01031
KAJARIACER,Kajaria Ceramics Ltd.,CONSTRUCTION,INE217B01036
KALPATPOWR,Kalpataru Power Transmission Ltd.,ENERGY,INE220B01022
KANSAINER,Kansai Nerolac Paints Ltd.,CONSUMER GOODS,INE531A01024
KARURVYSYA,Karur Vysya Bank Ltd.,FINANCIAL SERVICES,INE036D01028
KEC,Kec International Ltd.,CONSTRUCTION,INE389H01022
KESORAMIND,Kesoram Industries Ltd.,CEMENT & CEMENT PRODUCTS,INE087A01019
KIOCL,KIOCL Ltd.,METALS,INE880L01014
KITEX,Kitex Garments Ltd.,TEXTILES,INE602G01020
KNRCON,KNR Constructions Ltd.,CONSTRUCTION,INE634I01029
KOLTEPATIL,Kolte-Patil Developers Ltd.,CONSTRUCTION,INE094I01018
KOTAKBANK,Kotak Mahindra Bank Ltd.,FINANCIAL SERVICES,INE237A01028
KPIT,KPIT Technologies Ltd.,IT,INE836A01035
KPRMILL,K.P.R. Mill Ltd.,TEXTILES,INE930H01023
KRBL,KRBL Ltd.,CONSUMER GOODS,INE001B01026
KSCL,Kaveri Seed Company Ltd.,CONSUMER GOODS,INE455I01029
KTKBANK,Karnataka Bank Ltd.,FINANCIAL SERVICES,INE614B01018
KWALITY,Kwality Ltd.,CONSUMER GOODS,INE775B01025
L&TFH,L&T Finance Holdings Ltd.,FINANCIAL SERVICES,INE498L01015
LAKSHVILAS,Lakshmi Vilas Bank Ltd.,FINANCIAL SERVICES,INE694C01018
LALPATHLAB,Dr. Lal Path Labs Ltd.,HEALTHCARE SERVICES,INE600L01024
LAURUSLABS,Laurus Labs Ltd.,PHARMA,INE947Q01010
LAXMIMACH,Lakshmi Machine Works Ltd.,INDUSTRIAL MANUFACTURING,INE269B01029
LICHSGFIN,LIC Housing Finance Ltd.,FINANCIAL SERVICES,INE115A01026
LT,Larsen & Toubro Ltd.,CONSTRUCTION,INE018A01030
LTI,Larsen & Toubro Infotech Ltd.,IT,INE214T01019
LTTS,L&T Technology Services Ltd.,IT,INE010V01017
LUPIN,Lupin Ltd.,PHARMA,INE326A01037
M&M,Mahindra & Mahindra Ltd.,AUTOMOBILE,INE101A01026
M&MFIN,Mahindra & Mahindra Financial Services Ltd.,FINANCIAL SERVICES,INE774D01024
MAGMA,Magma Fincorp Ltd.,FINANCIAL SERVICES,INE511C01022
MAHINDCIE,Mahindra CIE Automotive Ltd.,INDUSTRIAL MANUFACTURING,INE536H01010
MANAPPURAM,Manappuram Finance Ltd.,FINANCIAL SERVICES,INE522D01027
MANPASAND,Manpasand Beverages Ltd.,CONSUMER GOODS,INE122R01018
MARICO,Marico Ltd.,CONSUMER GOODS,INE196A01026
MARKSANS,Marksans Pharma Ltd.,PHARMA,INE750C01026
MARUTI,Maruti Suzuki India Ltd.,AUTOMOBILE,INE585B01010
MASFIN,MAS Financial Services Ltd.,FINANCIAL SERVICES,INE348L01012
MAXINDIA,Max India Ltd.,HEALTHCARE SERVICES,INE153U01017
MCDOWELL-N,United Spirits Ltd.,CONSUMER GOODS,INE854D01024
MCLEODRUSS,McLeod Russel India Ltd.,CONSUMER GOODS,INE942G01012
MERCK,Merck Ltd.,PHARMA,INE199A01012
MFSL,Max Financial Services Ltd.,FINANCIAL SERVICES,INE180A01020
MGL,Mahanagar Gas Ltd.,ENERGY,INE002S01010
MHRIL,Mahindra Holidays & Resorts India Ltd.,SERVICES,INE998I01010
MINDACORP,Minda Corporation Ltd.,AUTOMOBILE,INE842C01021
MINDAIND,Minda Industries Ltd.,AUTOMOBILE,INE405E01023
MINDTREE,MindTree Ltd.,IT,INE018I01017
MMTC,MMTC Ltd.,SERVICES,INE123F01029
MOIL,MOIL Ltd.,METALS,INE490G01020
MOTHERSUMI,Motherson Sumi Systems Ltd.,AUTOMOBILE,INE775A01035
MOTILALOFS,Motilal Oswal Financial Services Ltd.,FINANCIAL SERVICES,INE338I01027
MPHASIS,MphasiS Ltd.,IT,INE356A01018
MRF,MRF Ltd.,AUTOMOBILE,INE883A01011
MRPL,Mangalore Refinery & Petrochemicals Ltd.,ENERGY,INE103A01014
MTNL,Mahanagar Telephone Nigam Ltd.,TELECOM,INE153A01019
MUTHOOTFIN,Muthoot Finance Ltd.,FINANCIAL SERVICES,INE414G01012
NATCOPHARM,NATCO Pharma Ltd.,PHARMA,INE987B01026
NATIONALUM,National Aluminium Co. Ltd.,METALS,INE139A01034
NAUKRI,Info Edge (India) Ltd.,IT,INE663F01024
NAVINFLUOR,Navin Fluorine International Ltd.,CHEMICALS,INE048G01026
NAVKARCORP,Navkar Corporation Ltd.,SERVICES,INE278M01019
NBCC,NBCC (India) Ltd.,CONSTRUCTION,INE095N01031
NBVENTURES,Nava Bharat Ventures Ltd.,ENERGY,INE725A01022
NCC,NCC Ltd.,CONSTRUCTION,INE868B01028
NESCO,NESCO Ltd.,SERVICES,INE317F01035
NETWORK18,Network18 Media & Investments Ltd.,MEDIA & ENTERTAINMENT,INE870H01013
NFL,National Fertilizers Ltd.,FERTILISERS & PESTICIDES,INE870D01012
NH,Narayana Hrudayalaya Ltd.,HEALTHCARE SERVICES,INE410P01011
NHPC,NHPC Ltd.,ENERGY,INE848E01016
NIITTECH,NIIT Technologies Ltd.,IT,INE591G01017
NILKAMAL,Nilkamal Ltd.,INDUSTRIAL MANUFACTURING,INE310A01015
NLCINDIA,NLC India Ltd.,ENERGY,INE589A01014
NMDC,NMDC Ltd.,METALS,INE584A01023
NTPC,NTPC Ltd.,ENERGY,INE733E01010
OBEROIRLTY,Oberoi Realty Ltd.,CONSTRUCTION,INE093I01010
OFSS,Oracle Financial Services Software Ltd.,IT,INE881D01027
OIL,Oil India Ltd.,ENERGY,INE274J01014
OMAXE,Omaxe Ltd.,CONSTRUCTION,INE800H01010
ONGC,Oil & Natural Gas Corporation Ltd.,ENERGY,INE213A01029
ORIENTBANK,Oriental Bank of Commerce,FINANCIAL SERVICES,INE141A01014
ORIENTCEM,Orient Cement Ltd.,CEMENT & CEMENT PRODUCTS,INE876N01018
PAGEIND,Page Industries Ltd.,TEXTILES,INE761H01022
PARAGMILK,Parag Milk Foods Ltd.,CONSUMER GOODS,INE883N01014
PCJEWELLER,PC Jeweller Ltd.,CONSUMER GOODS,INE785M01013
PEL,Piramal Enterprises Ltd.,PHARMA,INE140A01024
PERSISTENT,Persistent Systems Ltd.,IT,INE262H01013
PETRONET,Petronet LNG Ltd.,ENERGY,INE347G01014
PFC,Power Finance Corporation Ltd.,FINANCIAL SERVICES,INE134E01011
PFIZER,Pfizer Ltd.,PHARMA,INE182A01018
PFS,PTC India Fin Serv Ltd.,FINANCIAL SERVICES,INE560K01014
PGHH,Procter & Gamble Hygiene & Health Care Ltd.,CONSUMER GOODS,INE179A01014
PHOENIXLTD,Phoenix Mills Ltd.,CONSTRUCTION,INE211B01039
PIDILITIND,Pidilite Industries Ltd.,CHEMICALS,INE318A01026
PIIND,PI Industries Ltd.,FERTILISERS & PESTICIDES,INE603J01030
PNB,Punjab National Bank,FINANCIAL SERVICES,INE160A01022
PNBHOUSING,PNB Housing Finance Ltd.,FINANCIAL SERVICES,INE572E01012
PNCINFRA,PNC Infratech Ltd.,CONSTRUCTION,INE195J01029
POWERGRID,Power Grid Corporation of India Ltd.,ENERGY,INE752E01010
PRAJIND,Praj Industries Ltd.,INDUSTRIAL MANUFACTURING,INE074A01025
PRESTIGE,Prestige Estates Projects Ltd.,CONSTRUCTION,INE811K01011
PRSMJOHNSN,Prism Johnson Ltd.,CEMENT & CEMENT PRODUCTS,INE010A01011
PTC,PTC India Ltd.,ENERGY,INE877F01012
PVR,PVR Ltd.,MEDIA & ENTERTAINMENT,INE191H01014
QUESS,Quess Corp Ltd.,SERVICES,INE615P01015
RADICO,Radico Khaitan Ltd,CONSUMER GOODS,INE944F01028
RAIN,Rain Industries Ltd,CHEMICALS,INE855B01025
RAJESHEXPO,Rajesh Exports Ltd.,CONSUMER GOODS,INE343B01030
RALLIS,Rallis India Ltd.,FERTILISERS & PESTICIDES,INE613A01020
RAMCOCEM,The Ramco Cements Ltd.,CEMENT & CEMENT PRODUCTS,INE331A01037
RAMCOSYS,Ramco Systems Ltd.,IT,INE246B01019
RAYMOND,Raymond Ltd.,TEXTILES,INE301A01014
RBLBANK,RBL Bank Ltd.,FINANCIAL SERVICES,INE976G01028
RCF,Rashtriya Chemicals & Fertilizers Ltd.,FERTILISERS & PESTICIDES,INE027A01015
RCOM,Reliance Communications Ltd.,TELECOM,INE330H01018
RECLTD,Rural Electrification Corporation Ltd.,FINANCIAL SERVICES,INE020B01018
REDINGTON,Redington (India) Ltd.,SERVICES,INE891D01026
RELAXO,Relaxo Footwears Ltd.,CONSUMER GOODS,INE131B01039
RELCAPITAL,Reliance Capital Ltd.,FINANCIAL SERVICES,INE013A01015
RELIANCE,Reliance Industries Ltd.,ENERGY,INE002A01018
RELIGARE,Religare Enterprises Ltd.,FINANCIAL SERVICES,INE621H01010
RELINFRA,Reliance Infrastructure Ltd.,ENERGY,INE036A01016
RENUKA,Shree Renuka Sugars Ltd.,CONSUMER GOODS,INE087H01022
REPCOHOME,Repco Home Finance Ltd.,FINANCIAL SERVICES,INE612J01015
RHFL,Reliance Home Finance Ltd.,FINANCIAL SERVICES,INE217K01011
RKFORGE,Ramkrishna Forgings Ltd.,INDUSTRIAL MANUFACTURING,INE399G01015
RNAVAL,Reliance Naval and Engineering Ltd.,INDUSTRIAL MANUFACTURING,INE542F01012
RPOWER,Reliance Power Ltd.,ENERGY,INE614G01033
RTNPOWER,RattanIndia Power Ltd.,ENERGY,INE399K01017
RUPA,Rupa & Company Ltd.,TEXTILES,INE895B01021
SADBHAV,Sadbhav Engineering Ltd.,CONSTRUCTION,INE226H01026
SADBHIN,Sadbhav Infrastructure Project Ltd.,CONSTRUCTION,INE764L01010
SAIL,Steel Authority of India Ltd.,METALS,INE114A01011
SANOFI,Sanofi India Ltd.,PHARMA,INE058A01010
SBILIFE,SBI Life Insurance Company Ltd.,FINANCIAL SERVICES,INE123W01016
SBIN,State Bank of India,FINANCIAL SERVICES,INE062A01020
SCHAEFFLER,Schaeffler India Ltd.,INDUSTRIAL MANUFACTURING,INE513A01014
SCI,Shipping Corporation of India Ltd.,SERVICES,INE109A01011
SFL,Sheela Foam Ltd.,CONSUMER GOODS,INE916U01025
SHANKARA,Shankara Building Products Ltd.,METALS,INE274V01019
SHK,S H Kelkar and Company Ltd.,CONSUMER GOODS,INE500L01026
SHOPERSTOP,Shoppers Stop Ltd.,CONSUMER GOODS,INE498B01024
SHREECEM,Shree Cement Ltd.,CEMENT & CEMENT PRODUCTS,INE070A01015
SHRIRAMCIT,Shriram City Union Finance Ltd.,FINANCIAL SERVICES,INE722A01011
SIEMENS,Siemens Ltd.,INDUSTRIAL MANUFACTURING,INE003A01024
SIS,Security and Intelligence Services (India) Ltd.,SERVICES,INE285J01010
SJVN,SJVN Ltd.,ENERGY,INE002L01015
SKFINDIA,SKF India Ltd.,INDUSTRIAL MANUFACTURING,INE640A01023
SMLISUZU,SML Isuzu Ltd.,AUTOMOBILE,INE294B01019
SOBHA,Sobha Ltd.,CONSTRUCTION,INE671H01015
SOLARINDS,Solar Industries India Ltd.,CHEMICALS,INE343H01029
SONATSOFTW,Sonata Software Ltd.,IT,INE269A01021
SOUTHBANK,South Indian Bank Ltd.,FINANCIAL SERVICES,INE683A01023
SPARC,Sun Pharma Advanced Research Company Ltd.,PHARMA,INE232I01014
SPTL,Sintex Plastics Technology Ltd.,INDUSTRIAL MANUFACTURING,INE501W01021
SREINFRA,SREI Infrastructure Finance Ltd.,FINANCIAL SERVICES,INE872A01014
SRF,SRF Ltd.,TEXTILES,INE647A01010
SRTRANSFIN,Shriram Transport Finance Co. Ltd.,FINANCIAL SERVICES,INE721A01013
STARCEMENT,Star Cement Ltd.,CEMENT & CEMENT PRODUCTS,INE460H01021
STRTECH,Sterlite Technologies Ltd.,TELECOM,INE089C01029
SUDARSCHEM,Sudarshan Chemical Industries Ltd.,CHEMICALS,INE659A01023
SUNDRMFAST,Sundram Fasteners Ltd.,AUTOMOBILE,INE387A01021
SUNPHARMA,Sun Pharmaceutical Industries Ltd.,PHARMA,INE044A01036
SUNTECK,Sunteck Realty Ltd.,CONSTRUCTION,INE805D01034
SUNTV,Sun TV Network Ltd.,MEDIA & ENTERTAINMENT,INE424H01027
SUPREMEIND,Supreme Industries Ltd.,INDUSTRIAL MANUFACTURING,INE195A01028
SUVEN,Suven Life Sciences Ltd.,PHARMA,INE495B01038
SUZLON,Suzlon Energy Ltd.,INDUSTRIAL MANUFACTURING,INE040H01021
SWANENERGY,Swan Energy Ltd.,TEXTILES,INE665A01038
SYMPHONY,Symphony Ltd.,CONSUMER GOODS,INE225D01027
SYNDIBANK,Syndicate Bank,FINANCIAL SERVICES,INE667A01018
SYNGENE,Syngene International Ltd.,PHARMA,INE398R01022
TAKE,Take Solutions Ltd.,IT,INE142I01023
TATACHEM,Tata Chemicals Ltd.,CHEMICALS,INE092A01019
TATACOFFEE,Tata Coffee Ltd.,CONSUMER GOODS,INE493A01027
TATAELXSI,Tata Elxsi Ltd.,IT,INE670A01012
TATAGLOBAL,Tata Global Beverages Ltd.,CONSUMER GOODS,INE192A01025
TATAINVEST,Tata Investment Corporation Ltd.,FINANCIAL SERVICES,INE672A01018
TATAMOTORS,Tata Motors Ltd.,AUTOMOBILE,INE155A01022
TATAMTRDVR,Tata Motors Ltd DVR,AUTOMOBILE,IN9155A01020
TATAPOWER,Tata Power Co. Ltd.,ENERGY,INE245A01021
TATASPONGE,Tata Sponge Iron Ltd.,METALS,INE674A01014
TATASTEEL,Tata Steel Ltd.,METALS,INE081A01012
TCS,Tata Consultancy Services Ltd.,IT,INE467B01029
TECHM,Tech Mahindra Ltd.,IT,INE669C01036
TECHNO,Techno Elt & Eng Co. Ltd.,CONSTRUCTION,INE286K01024
TEXRAIL,Texmaco Rail & Eng. Ltd.,INDUSTRIAL MANUFACTURING,INE621L01012
THERMAX,Thermax Ltd.,INDUSTRIAL MANUFACTURING,INE152A01029
THOMASCOOK,Thomas Cook (India) Ltd.,SERVICES,INE332A01027
THYROCARE,Thyrocare Technologies Ltd.,HEALTHCARE SERVICES,INE594H01019
TIFIN,TI Financial Holdings Ltd.,FINANCIAL SERVICES,INE149A01033
TIINDIA,Tube Investments of India Ltd.,AUTOMOBILE,INE974X01010
TIMETECHNO,Time Technoplast Ltd.,INDUSTRIAL MANUFACTURING,INE508G01029
TIMKEN,Timken India Ltd.,INDUSTRIAL MANUFACTURING,INE325A01013
TITAN,Titan Company Ltd.,CONSUMER GOODS,INE280A01028
TNPL,Tamil Nadu Newsprint & Papers Ltd.,PAPER,INE107A01015
TORNTPHARM,Torrent Pharmaceuticals Ltd.,PHARMA,INE685A01028
TORNTPOWER,Torrent Power Ltd.,ENERGY,INE813H01021
TRENT,Trent Ltd.,CONSUMER GOODS,INE849A01020
TRIDENT,Trident Ltd.,TEXTILES,INE064C01014
TTKPRESTIG,TTK Prestige Ltd.,CONSUMER GOODS,INE690A01010
TV18BRDCST,TV18 Broadcast Ltd.,MEDIA & ENTERTAINMENT,INE886H01027
TVSMOTOR,TVS Motor Company Ltd.,AUTOMOBILE,INE494B01023
TVSSRICHAK,TVS Srichakra Ltd.,AUTOMOBILE,INE421C01016
TVTODAY,TV Today Network Ltd.,MEDIA & ENTERTAINMENT,INE038F01029
UBL,United Breweries Ltd.,CONSUMER GOODS,INE686F01025
UCOBANK,UCO Bank,FINANCIAL SERVICES,INE691A01018
UFLEX,UFLEX Ltd.,INDUSTRIAL MANUFACTURING,INE516A01017
UJJIVAN,Ujjivan Financial Services Ltd.,FINANCIAL SERVICES,INE334L01012
ULTRACEMCO,UltraTech Cement Ltd.,CEMENT & CEMENT PRODUCTS,INE481G01011
UNICHEMLAB,Unichem Laboratories Ltd.,PHARMA,INE351A01035
UNIONBANK,Union Bank of India,FINANCIAL SERVICES,INE692A01016
UNITECH,Unitech Ltd.,CONSTRUCTION,INE694A01020
UPL,UPL Ltd.,FERTILISERS & PESTICIDES,INE628A01036
VAKRANGEE,Vakrangee Ltd.,IT,INE051B01021
VBL,Varun Beverages Ltd.,CONSUMER GOODS,INE200M01013
VEDL,Vedanta Ltd.,METALS,INE205A01025
VGUARD,V-Guard Industries Ltd.,INDUSTRIAL MANUFACTURING,INE951I01027
VIJAYABANK,Vijaya Bank,FINANCIAL SERVICES,INE705A01016
VINATIORGA,Vinati Organics Ltd.,CHEMICALS,INE410B01029
VIPIND,V.I.P. Industries Ltd.,CONSUMER GOODS,INE054A01027
VOLTAS,Voltas Ltd.,CONSTRUCTION,INE226A01021
VRLLOG,VRL Logistics Ltd.,SERVICES,INE366I01010
VTL,Vardhman Textiles Ltd.,TEXTILES,INE825A01012
WABAG,Va Tech Wabag Ltd.,SERVICES,INE956G01038
WABCOINDIA,WABCO India Ltd.,AUTOMOBILE,INE342J01019
WELCORP,Welspun Corp Ltd.,METALS,INE191B01025
WELSPUNIND,Welspun India Ltd.,TEXTILES,INE192B01031
WHIRLPOOL,Whirlpool of India Ltd.,CONSUMER GOODS,INE716A01013
WIPRO,Wipro Ltd.,IT,INE075A01022
WOCKPHARMA,Wockhardt Ltd.,PHARMA,INE049B01025
YESBANK,Yes Bank Ltd.,FINANCIAL SERVICES,INE528G01027
ZEEL,Zee Entertainment Enterprises Ltd.,MEDIA & ENTERTAINMENT,INE256A01028
ZEELEARN,Zee Learn Ltd.,MEDIA & ENTERTAINMENT,INE565L01011